0, 0, 0,
0, 0, 0,
0, 0, 1,
0, 0.1, 2,
0, 0.2, 3,
0, 0.30000000000000004, 4,
0, 0.4, 5,
0, 0.5, 6,
0, 0.6, 7,
0, 0.7, 8,
0, 0.7999999999999999, 9,
0, 0.8999999999999999, 10,
0, 0.9999999999999999, 11,
0, 1, 12,
0, 1.1, 13,
0, 1.2000000000000002, 14,
0, 1.3000000000000003, 15,
0, 1.4000000000000004, 16,
0, 1.5000000000000004, 17,
0, 1.6000000000000005, 18,
0, 1.7000000000000006, 19,
0, 1.8000000000000007, 20,
0, 1.9000000000000008, 21,
0, 2, 22,
0, 2.1, 23,
0, 2.2, 24,
0, 2.3000000000000003, 25,
0, 2.4000000000000004, 26,
0, 2.5000000000000004, 27,
0, 2.6000000000000005, 28,
0, 2.7000000000000006, 29,
0, 2.8000000000000007, 30,
0, 2.900000000000001, 31,
0, 3, 32,
0, 3.1, 33,
0, 3.2, 34,
0, 3.3000000000000003, 35,
0, 3.4000000000000004, 36,
0, 3.5000000000000004, 37,
0, 3.6000000000000005, 38,
0, 3.7000000000000006, 39,
0, 3.8000000000000007, 40,
0, 3.900000000000001, 41,
0, 4, 42,
0, 4.1, 43,
0, 4.199999999999999, 44,
0, 4.299999999999999, 45,
0, 4.399999999999999, 46,
0, 4.499999999999998, 47,
0, 4.599999999999998, 48,
0, 4.6999999999999975, 49,
0, 4.799999999999997, 50,
0, 4.899999999999997, 51,
0, 4.9999999999999964, 52,
0, 5, 53,
0, 5, 54,
0, 5, 55,
0, 5, 56,
0, 5, 57,
0, 5, 58,
0, 5, 59,
0, 5, 60,
0, 5, 61,
0, 5, 62,
0, 5, 63,
0, 5, 64,
0, 5, 65,
0, 5, 66,
0, 5, 67,
0, 5, 68,
0, 5, 69,
0, 5, 70,
0, 5, 71,
0, 5, 72,
0, 5, 73,
0, 5, 74,
0, 5, 75,
0, 5, 76,
0, 5, 77,
0, 5, 78,
0, 5, 79,
0, 5, 80,
0, 5, 81,
0, 5, 82,
0, 5, 83,
0, 5, 83,
0, 5, 84,
0, 4.9, 85,
0, 4.800000000000001, 86,
0, 4.700000000000001, 87,
0, 4.600000000000001, 88,
0, 4.500000000000002, 89,
0, 4.400000000000002, 90,
0, 4.3000000000000025, 91,
0, 4.200000000000003, 92,
0, 4.100000000000003, 93,
0, 4.0000000000000036, 94,
0, 4, 95,
0, 3.9, 96,
0, 3.8, 97,
0, 3.6999999999999997, 98,
0, 3.5999999999999996, 99,
0, 3.4999999999999996, 100,
0, 3.3999999999999995, 101,
0, 3.2999999999999994, 102,
0, 3.1999999999999993, 103,
0, 3.099999999999999, 104,
0, 3, 105,
0, 2.9, 106,
0, 2.8, 107,
0, 2.6999999999999997, 108,
0, 2.5999999999999996, 109,
0, 2.4999999999999996, 110,
0, 2.3999999999999995, 111,
0, 2.2999999999999994, 112,
0, 2.1999999999999993, 113,
0, 2.099999999999999, 114,
0, 2, 115,
0.07071067811865475, 1.9292893218813452, 116,
0.1414213562373095, 1.8585786437626903, 117,
0.21213203435596428, 1.7878679656440355, 118,
0.28284271247461906, 1.7171572875253807, 119,
0.35355339059327384, 1.6464466094067258, 120,
0.4242640687119286, 1.575735931288071, 121,
0.4949747468305834, 1.5050252531694164, 122,
0.5656854249492382, 1.4343145750507615, 123,
0.636396103067893, 1.3636038969321067, 124,
0.7071067811865477, 1.292893218813452, 125,
0.7778174593052024, 1.2221825406947975, 126,
0.8485281374238571, 1.1514718625761426, 127,
0.919238815542512, 1.080761184457488, 128,
0.9899494936611667, 1.0100505063388332, 129,
1, 1, 130,
1, 1, 131,
1, 1, 132,
1, 1, 133,
1, 1, 134,
1, 1, 135,
1, 1, 136,
1, 1, 137,
1, 1, 138,
1, 1, 139,
1, 1, 140,
1, 1, 141,
1, 1, 142,
1, 1, 143,
1, 1, 144,
1, 1, 145,
1, 1, 146,
1, 1, 147,
1, 1, 148,
1, 1, 149,
1, 1, 150,
1, 1, 151,
1, 1, 152,
1, 1, 153,
1, 1, 154,
1, 1, 155,
1, 1, 156,
1, 1, 157,
1, 1, 158,
1, 1, 159,
1, 1, 160,
1, 1, 161,
1, 1, 162,
1, 1, 163,
1, 1, 164,
1, 1, 165,
1, 1, 166,
1, 1, 167,
1, 1, 168,
1, 1, 169,
1, 1, 170,
1, 1, 171,
1, 1, 172,
1, 1, 173,
1, 1, 174,
1, 1, 175,
1, 1, 176,
1, 1, 177,
1, 1, 178,
1, 1, 179,
1, 1, 180,
1, 1, 181,
1, 1, 182,
1, 1, 183,
1, 1, 184,
1, 1, 185,
1, 1, 186,
1, 1, 187,
1, 1, 188,
1, 1, 189,
1, 1, 190,
1, 1, 191,
1, 1, 192,
1, 1, 193,
1, 1, 194,
1, 1, 195,
1, 1, 196,
1, 1, 197,
1, 1, 198,
1, 1, 199,
1, 1, 200,
1, 1, 201,
1, 1, 202,
1, 1, 203,
1, 1, 204,
1, 1, 205,
1, 1, 206,
1, 1, 207,
1, 1, 208,
1, 1, 209,
1, 1, 210,
1, 1, 211,
1, 1, 212,
1, 1, 213,
1, 1, 214,
1, 1, 215,
1, 1, 216,
1, 1, 217,
1, 1, 218,
1, 1, 219,
1, 1, 220,
1, 1, 221,
1, 1, 222,
1, 1, 223,
1, 1, 224,
1, 1, 225,
1, 1, 226,
1, 1, 227,
1, 1, 228,
1, 1, 229,
1, 1, 230,
1, 1, 231,
1, 1, 232,
1, 1, 233,
1, 1, 234,
1, 1, 235,
1, 1, 236,
1, 1, 237,
1, 1, 238,
1, 1, 239,
1, 1, 240,
1, 1, 241,
1, 1, 242,
1, 1, 243,
1, 1, 244,
1, 1, 245,
1, 1, 246,
1, 1, 247,
1, 1, 248,
1, 1, 249,
1, 1, 250,
1, 1, 251,
1, 1, 252,
1, 1, 253,
1, 1, 254,
1, 1, 255,
1, 1, 256,
1, 1, 257,
1, 1, 257,
1, 1, 258,
1, 1.1, 259,
1, 1.2000000000000002, 260,
1, 1.3000000000000003, 261,
1, 1.4000000000000004, 262,
1, 1.5000000000000004, 263,
1, 1.6000000000000005, 264,
1, 1.7000000000000006, 265,
1, 1.8000000000000007, 266,
1, 1.9000000000000008, 267,
1, 2, 268,
1, 2.1, 269,
1, 2.2, 270,
1, 2.3000000000000003, 271,
1, 2.4000000000000004, 272,
1, 2.5000000000000004, 273,
1, 2.6000000000000005, 274,
1, 2.7000000000000006, 275,
1, 2.8000000000000007, 276,
1, 2.900000000000001, 277,
1, 3, 278,
1, 3.1, 279,
1, 3.2, 280,
1, 3.3000000000000003, 281,
1, 3.4000000000000004, 282,
1, 3.5000000000000004, 283,
1, 3.6000000000000005, 284,
1, 3.7000000000000006, 285,
1, 3.8000000000000007, 286,
1, 3.900000000000001, 287,
1, 4, 288,
1, 4.1, 289,
1, 4.199999999999999, 290,
1, 4.299999999999999, 291,
1, 4.399999999999999, 292,
1, 4.499999999999998, 293,
1, 4.599999999999998, 294,
1, 4.6999999999999975, 295,
1, 4.799999999999997, 296,
1, 4.899999999999997, 297,
1, 4.9999999999999964, 298,
1, 5, 299,
1, 5.1, 300,
1, 5.199999999999999, 301,
1, 5.299999999999999, 302,
1, 5.399999999999999, 303,
1, 5.499999999999998, 304,
1, 5.599999999999998, 305,
1, 5.6999999999999975, 306,
1, 5.799999999999997, 307,
1, 5.899999999999997, 308,
1, 5.9999999999999964, 309,
1, 6, 310,
1, 6.1, 311,
1, 6.199999999999999, 312,
1, 6.299999999999999, 313,
1, 6.399999999999999, 314,
1, 6.499999999999998, 315,
1, 6.599999999999998, 316,
1, 6.6999999999999975, 317,
1, 6.799999999999997, 318,
1, 6.899999999999997, 319,
1, 6.9999999999999964, 320,
1, 7, 321,
1, 7.1, 322,
1, 7.199999999999999, 323,
1, 7.299999999999999, 324,
1, 7.399999999999999, 325,
1, 7.499999999999998, 326,
1, 7.599999999999998, 327,
1, 7.6999999999999975, 328,
1, 7.799999999999997, 329,
1, 7.899999999999997, 330,
1, 7.9999999999999964, 331,
1, 8, 332,
1, 8.1, 333,
1, 8.2, 334,
1, 8.299999999999999, 335,
1, 8.399999999999999, 336,
1, 8.499999999999998, 337,
1, 8.599999999999998, 338,
1, 8.699999999999998, 339,
1, 8.799999999999997, 340,
1, 8.899999999999997, 341,
1, 8.999999999999996, 342,
1, 9, 343,
1, 9.1, 344,
1, 9.2, 345,
1, 9.299999999999999, 346,
1, 9.399999999999999, 347,
1, 9.499999999999998, 348,
1, 9.599999999999998, 349,
1, 9.699999999999998, 350,
1, 9.799999999999997, 351,
1, 9.899999999999997, 352,
1, 9.999999999999996, 353,
1, 10, 354,
1, 10.1, 355,
1, 10.2, 356,
1, 10.299999999999999, 357,
1, 10.399999999999999, 358,
1, 10.499999999999998, 359,
1, 10.599999999999998, 360,
1, 10.699999999999998, 361,
1, 10.799999999999997, 362,
1, 10.899999999999997, 363,
1, 10.999999999999996, 364,
1, 11, 365,
1.0707106781186548, 11.070710678118655, 366,
1.1414213562373097, 11.14142135623731, 367,
1.2121320343559645, 11.212132034355964, 368,
1.2828427124746193, 11.282842712474618, 369,
1.353553390593274, 11.353553390593273, 370,
1.4242640687119286, 11.424264068711928, 371,
1.4949747468305832, 11.494974746830582, 372,
1.5656854249492378, 11.565685424949237, 373,
1.6363961030678924, 11.636396103067892, 374,
1.707106781186547, 11.707106781186546, 375,
1.7778174593052016, 11.7778174593052, 376,
1.8485281374238562, 11.848528137423855, 377,
1.9192388155425109, 11.91923881554251, 378,
1.9899494936611652, 11.989949493661165, 379,
2, 12, 380,
2, 12, 381,
2, 12, 382,
2, 12, 383,
2, 12, 384,
2, 12, 385,
2, 12, 386,
2, 12, 387,
2, 12, 388,
2, 12, 389,
2, 12, 390,
2, 12, 391,
2, 12, 392,
2, 12, 393,
2, 12, 394,
2, 12, 395,
2, 12, 396,
2, 12, 397,
2, 12, 398,
2, 12, 399,
2, 12, 400,
2, 12, 401,
2, 12, 402,
2, 12, 403,
2, 12, 404,
2, 12, 405,
2, 12, 406,
2, 12, 407,
2, 12, 408,
2, 12, 409,
2, 12, 410,
2, 12, 411,
2, 12, 412,
2, 12, 413,
2, 12, 414,
2, 12, 415,
2, 12, 416,
2, 12, 417,
2, 12, 418,
2, 12, 419,
2, 12, 420,
2, 12, 421,
2, 12, 422,
2, 12, 423,
2, 12, 424,
2, 12, 425,
2, 12, 426,
2, 12, 427,
2, 12, 428,
2, 12, 429,
2, 12, 430,
2, 12, 431,
2, 12, 432,
2, 12, 433,
2, 12, 434,
2, 12, 435,
2, 12, 436,
2, 12, 437,
2, 12, 438,
2, 12, 439,
2, 12, 440,
2, 12, 441,
2, 12, 442,
2, 12, 443,
2, 12, 444,
2, 12, 445,
2, 12, 446,
2, 12, 447,
2, 12, 448,
2, 12, 449,
2, 12, 450,
2, 12, 451,
2, 12, 452,
2, 12, 453,
2, 12, 454,
2, 12, 455,
2, 12, 456,
2, 12, 457,
2, 12, 458,
2, 12, 459,
2, 12, 460,
2, 12, 461,
2, 12, 462,
2, 12, 463,
2, 12, 464,
2, 12, 465,
2, 12, 466,
2, 12, 467,
2, 12, 468,
2, 12, 469,
2, 12, 470,
2, 12, 471,
2, 12, 472,
2, 12, 473,
2, 12, 474,
2, 12, 475,
2, 12, 476,
2, 12, 477,
2, 12, 478,
2, 12, 479,
2, 12, 480,
2, 12, 481,
2, 12, 482,
2, 12, 483,
2, 12, 484,
2, 12, 485,
2, 12, 486,
2, 12, 487,
2, 12, 488,
2, 12, 489,
2, 12, 490,
2, 12, 491,
2, 12, 492,
2, 12, 493,
2, 12, 494,
2, 12, 495,
2, 12, 496,
2, 12, 497,
2, 12, 498,
2, 12, 499,
2, 12, 500,
2, 12, 501,
2, 12, 502,
2, 12, 503,
2, 12, 504,
2, 12, 505,
2, 12, 506,
2, 12, 507,
2, 12, 508,
2, 12, 509,
2, 12, 510,
2, 12, 511,
2, 12, 512,
2, 12, 513,
2, 12, 514,
2, 12, 515,
2, 12, 516,
2, 12, 517,
2, 12, 518,
2, 12, 519,
2, 12, 520,
2, 12, 521,
2, 12, 522,
2, 12, 523,
2, 12, 524,
2, 12, 525,
2, 12, 526,
2, 12, 527,
2, 12, 528,
2, 12, 529,
2, 12, 530,
2, 12, 531,
2, 12, 532,
2, 12, 533,
2, 12, 534,
2, 12, 535,
2, 12, 536,
2, 12, 537,
2, 12, 538,
2, 12, 539,
2, 12, 540,
2, 12, 541,
2, 12, 542,
2, 12, 543,
2, 12, 544,
2, 12, 545,
2, 12, 546,
2, 12, 547,
2, 12, 548,
2, 12, 549,
2, 12, 550,
2, 12, 551,
2, 12, 552,
2, 12, 553,
2, 12, 554,
2, 12, 555,
2, 12, 556,
2, 12, 557,
2, 12, 558,
2, 12, 559,
2, 12, 560,
2, 12, 561,
2, 12, 562,
2, 12, 563,
2, 12, 564,
2, 12, 565,
2, 12, 566,
2, 12, 567,
2, 12, 568,
2, 12, 569,
2, 12, 570,
2, 12, 571,
2, 12, 572,
2, 12, 573,
2, 12, 574,
2, 12, 575,
2, 12, 576,
2, 12, 577,
2, 12, 578,
2, 12, 579,
2, 12, 580,
2, 12, 581,
2, 12, 582,
2, 12, 583,
2, 12, 584,
2, 12, 585,
2, 12, 586,
2, 12, 587,
2, 12, 588,
2, 12, 589,
2, 12, 590,
2, 12, 591,
2, 12, 592,
2, 12, 593,
2, 12, 594,
2, 12, 595,
2, 12, 596,
2, 12, 597,
2, 12, 598,
2, 12, 599,
2, 12, 600,
2, 12, 601,
2, 12, 602,
2, 12, 603,
2, 12, 604,
2, 12, 605,
2, 12, 606,
2, 12, 607,
2, 12, 608,
2, 12, 609,
2, 12, 610,
2, 12, 611,
2, 12, 612,
2, 12, 613,
2, 12, 614,
2, 12, 615,
2, 12, 616,
2, 12, 617,
2, 12, 618,
2, 12, 619,
2, 12, 620,
2, 12, 621,
2, 12, 622,
2, 12, 623,
2, 12, 624,
2, 12, 625,
2, 12, 626,
2, 12, 627,
2, 12, 628,
2, 12, 629,
2, 12, 630,
2, 12, 631,
2, 12, 632,
2, 12, 633,
2, 12, 634,
2, 12, 635,
2, 12, 636,
2, 12, 637,
2, 12, 638,
2, 12, 639,
2, 12, 640,
2, 12, 641,
2, 12, 642,
2, 12, 643,
2, 12, 644,
2, 12, 645,
2, 12, 646,
2, 12, 647,
2, 12, 648,
2, 12, 649,
2, 12, 650,
2, 12, 651,
2, 12, 652,
2, 12, 653,
2, 12, 654,
2, 12, 655,
2, 12, 656,
2, 12, 657,
2, 12, 658,
2, 12, 659,
2, 12, 660,
2, 12, 661,
2, 12, 662,
2, 12, 663,
2, 12, 664,
2, 12, 665,
2, 12, 666,
2, 12, 667,
2, 12, 668,
2, 12, 669,
2, 12, 670,
2, 12, 671,
2, 12, 672,
2, 12, 673,
2, 12, 674,
2, 12, 675,
2, 12, 676,
2, 12, 677,
2, 12, 678,
2, 12, 679,
2, 12, 680,
2, 12, 681,
2, 12, 682,
2, 12, 683,
2, 12, 684,
2, 12, 685,
2, 12, 686,
2, 12, 687,
2, 12, 688,
2, 12, 689,
2, 12, 690,
2, 12, 691,
2, 12, 692,
2, 12, 693,
2, 12, 694,
2, 12, 695,
2, 12, 696,
2, 12, 697,
2, 12, 698,
2, 12, 699,
2, 12, 700,
2, 12, 701,
2, 12, 702,
2, 12, 703,
2, 12, 704,
2, 12, 705,
2, 12, 706,
2, 12, 707,
2, 12, 708,
2, 12, 709,
2, 12, 710,
2, 12, 711,
2, 12, 712,
2, 12, 713,
2, 12, 714,
2, 12, 715,
2, 12, 716,
2, 12, 717,
2, 12, 718,
2, 12, 719,
2, 12, 720,
2, 12, 721,
2, 12, 722,
2, 12, 723,
2, 12, 724,
2, 12, 725,
2, 12, 726,
2, 12, 727,
2, 12, 728,
2, 12, 729,
2, 12, 730,
2, 12, 731,
2, 12, 732,
2, 12, 733,
2, 12, 734,
2, 12, 735,
2, 12, 736,
2, 12, 737,
2, 12, 738,
2, 12, 739,
2, 12, 740,
2, 12, 741,
2, 12, 742,
2, 12, 743,
2, 12, 744,
2, 12, 745,
2, 12, 746,
2, 12, 747,
2, 12, 748,
2, 12, 749,
2, 12, 750,
2, 12, 751,
2, 12, 752,
2, 12, 753,
2, 12, 754,
2, 12, 755,
2, 12, 756,
2, 12, 757,
2, 12, 758,
2, 12, 759,
2, 12, 760,
2, 12, 761,
2, 12, 762,
2, 12, 763,
2, 12, 764,
2, 12, 765,
2, 12, 766,
2, 12, 767,
2, 12, 768,
2, 12, 769,
2, 12, 770,
2, 12, 771,
2, 12, 772,
2, 12, 773,
2, 12, 774,
2, 12, 775,
2, 12, 776,
2, 12, 777,
2, 12, 778,
2, 12, 779,
2, 12, 780,
2, 12, 781,
2, 12, 782,
2, 12, 783,
2, 12, 784,
2, 12, 785,
2, 12, 786,
2, 12, 787,
2, 12, 788,
2, 12, 789,
2, 12, 790,
2, 12, 791,
2, 12, 792,
2, 12, 793,
2, 12, 794,
2, 12, 795,
2, 12, 796,
2, 12, 797,
2, 12, 798,
2, 12, 799,
2, 12, 800,
2, 12, 801,
2, 12, 802,
2, 12, 803,
2, 12, 804,
2, 12, 805,
2, 12, 806,
2, 12, 807,
2, 12, 808,
2, 12, 809,
2, 12, 810,
2, 12, 811,
2, 12, 812,
2, 12, 813,
2, 12, 814,
2, 12, 815,
2, 12, 816,
2, 12, 817,
2, 12, 818,
2, 12, 819,
2, 12, 820,
2, 12, 821,
2, 12, 822,
2, 12, 823,
2, 12, 824,
2, 12, 825,
2, 12, 826,
2, 12, 827,
2, 12, 828,
2, 12, 829,
2, 12, 830,
2, 12, 831,
2, 12, 832,
2, 12, 833,
2, 12, 834,
2, 12, 835,
2, 12, 836,
2, 12, 837,
2, 12, 838,
2, 12, 839,
2, 12, 840,
2, 12, 841,
2, 12, 842,
2, 12, 843,
2, 12, 844,
2, 12, 845,
2, 12, 846,
2, 12, 847,
2, 12, 848,
2, 12, 849,
2, 12, 850,
2, 12, 851,
2, 12, 852,
2, 12, 853,
2, 12, 854,
2, 12, 855,
2, 12, 856,
2, 12, 857,
2, 12, 858,
2, 12, 859,
2, 12, 860,
2, 12, 861,
2, 12, 862,
2, 12, 863,
2, 12, 864,
2, 12, 865,
2, 12, 866,
2, 12, 867,
2, 12, 868,
2, 12, 869,
2, 12, 870,
2, 12, 871,
2, 12, 872,
2, 12, 873,
2, 12, 874,
2, 12, 875,
2, 12, 876,
2, 12, 877,
2, 12, 878,
2, 12, 879,
2, 12, 880,
2, 12, 881,
2, 12, 882,
2, 12, 883,
2, 12, 884,
2, 12, 885,
2, 12, 886,
2, 12, 887,
2, 12, 888,
2, 12, 889,
2, 12, 890,
2, 12, 891,
2, 12, 892,
2, 12, 893,
2, 12, 894,
2, 12, 895,
2, 12, 896,
2, 12, 897,
2, 12, 898,
2, 12, 899,
2, 12, 900,
2, 12, 901,
2, 12, 902,
2, 12, 903,
2, 12, 904,
2, 12, 905,
2, 12, 906,
2, 12, 907,
2, 12, 908,
2, 12, 909,
2, 12, 910,
2, 12, 911,
2, 12, 912,
2, 12, 913,
2, 12, 914,
2, 12, 915,
2, 12, 916,
2, 12, 917,
2, 12, 918,
2, 12, 919,
2, 12, 920,
2, 12, 921,
2, 12, 922,
2, 12, 923,
2, 12, 924,
2, 12, 925,
2, 12, 926,
2, 12, 927,
2, 12, 928,
2, 12, 929,
2, 12, 930,
2, 12, 931,
2, 12, 932,
2, 12, 933,
2, 12, 934,
2, 12, 935,
2, 12, 936,
2, 12, 937,
2, 12, 938,
2, 12, 939,
2, 12, 940,
2, 12, 941,
2, 12, 942,
2, 12, 943,
2, 12, 944,
2, 12, 945,
2, 12, 946,
2, 12, 947,
2, 12, 948,
2, 12, 949,
2, 12, 950,
2, 12, 951,
2, 12, 952,
2, 12, 953,
2, 12, 954,
2, 12, 955,
2, 12, 956,
2, 12, 957,
2, 12, 958,
2, 12, 959,
2, 12, 960,
2, 12, 961,
2, 12, 962,
2, 12, 963,
2, 12, 964,
2, 12, 965,
2, 12, 966,
2, 12, 967,
2, 12, 968,
2, 12, 969,
2, 12, 970,
2, 12, 971,
2, 12, 972,
2, 12, 973,
2, 12, 974,
2, 12, 975,
2, 12, 976,
2, 12, 977,
2, 12, 978,
2, 12, 979,
2, 12, 980,
2, 12, 981,
2, 12, 982,
2, 12, 983,
2, 12, 984,
2, 12, 985,
2, 12, 986,
2, 12, 987,
2, 12, 988,
2, 12, 989,
2, 12, 990,
2, 12, 991,
2, 12, 992,
2, 12, 993,
2, 12, 994,
2, 12, 995,
2, 12, 996,
2, 12, 997,
2, 12, 998,
2, 12, 999,
2, 12, 1000,
2, 12, 1001,
2, 12, 1002,
2, 12, 1003,
2, 12, 1004,
2, 12, 1005,
2, 12, 1006,
2, 12, 1007,
2, 12, 1008,
2, 12, 1009,
2, 12, 1010,
2, 12, 1011,
2, 12, 1012,
2, 12, 1013,
2, 12, 1014,
2, 12, 1015,
2, 12, 1016,
2, 12, 1017,
2, 12, 1018,
2, 12, 1019,
2, 12, 1020,
2, 12, 1021,
2, 12, 1022,
2, 12, 1023,
2, 12, 1024,
2, 12, 1025,
2, 12, 1026,
2, 12, 1027,
2, 12, 1028,
2, 12, 1029,
2, 12, 1030,
2, 12, 1031,
2, 12, 1032,
2, 12, 1033,
2, 12, 1034,
2, 12, 1035,
2, 12, 1036,
2, 12, 1037,
2, 12, 1038,
2, 12, 1039,
2, 12, 1040,
2, 12, 1041,
2, 12, 1042,
2, 12, 1043,
2, 12, 1044,
2, 12, 1045,
2, 12, 1046,
2, 12, 1047,
2, 12, 1048,
2, 12, 1049,
2, 12, 1050,
2, 12, 1051,
2, 12, 1052,
2, 12, 1053,
2, 12, 1054,
2, 12, 1055,
2, 12, 1056,
2, 12, 1057,
2, 12, 1058,
2, 12, 1059,
2, 12, 1060,
2, 12, 1061,
2, 12, 1062,
2, 12, 1063,
2, 12, 1064,
2, 12, 1065,
2, 12, 1066,
2, 12, 1067,
2, 12, 1068,
2, 12, 1069,
2, 12, 1070,
2, 12, 1071,
2, 12, 1072,
2, 12, 1073,
2, 12, 1074,
2, 12, 1075,
2, 12, 1076,
2, 12, 1077,
2, 12, 1078,
2, 12, 1079,
2, 12, 1080,
2, 12, 1081,
2, 12, 1082,
2, 12, 1083,
2, 12, 1084,
2, 12, 1085,
2, 12, 1086,
2, 12, 1087,
2, 12, 1088,
2, 12, 1089,
2, 12, 1090,
2, 12, 1091,
2, 12, 1092,
2, 12, 1093,
2, 12, 1094,
2, 12, 1095,
2, 12, 1096,
2, 12, 1097,
2, 12, 1098,
2, 12, 1099,
2, 12, 1100,
2, 12, 1101,
2, 12, 1102,
2, 12, 1103,
2, 12, 1104,
2, 12, 1105,
2, 12, 1106,
2, 12, 1107,
2, 12, 1108,
2, 12, 1109,
2, 12, 1110,
2, 12, 1111,
2, 12, 1112,
2, 12, 1113,
2, 12, 1114,
2, 12, 1115,
2, 12, 1116,
2, 12, 1117,
2, 12, 1118,
2, 12, 1119,
2, 12, 1120,
2, 12, 1121,
2, 12, 1122,
2, 12, 1123,
2, 12, 1124,
2, 12, 1125,
2, 12, 1126,
2, 12, 1127,
2, 12, 1128,
2, 12, 1129,
2, 12, 1130,
2, 12, 1131,
2, 12, 1132,
2, 12, 1133,
2, 12, 1134,
2, 12, 1135,
2, 12, 1136,
2, 12, 1137,
2, 12, 1138,
2, 12, 1139,
2, 12, 1140,
2, 12, 1141,
2, 12, 1142,
2, 12, 1143,
2, 12, 1144,
2, 12, 1145,
2, 12, 1146,
2, 12, 1147,
2, 12, 1148,
2, 12, 1149,
2, 12, 1150,
2, 12, 1151,
2, 12, 1152,
2, 12, 1153,
2, 12, 1154,
2, 12, 1155,
2, 12, 1156,
2, 12, 1157,
2, 12, 1158,
2, 12, 1159,
2, 12, 1160,
2, 12, 1161,
2, 12, 1162,
2, 12, 1163,
2, 12, 1164,
2, 12, 1165,
2, 12, 1166,
2, 12, 1167,
2, 12, 1168,
2, 12, 1169,
2, 12, 1170,
2, 12, 1171,
2, 12, 1172,
2, 12, 1173,
2, 12, 1174,
2, 12, 1175,
2, 12, 1176,
2, 12, 1177,
2, 12, 1178,
2, 12, 1179,
2, 12, 1180,
2, 12, 1181,
2, 12, 1182,
2, 12, 1183,
2, 12, 1184,
2, 12, 1185,
2, 12, 1186,
2, 12, 1187,
2, 12, 1188,
2, 12, 1189,
2, 12, 1190,
2, 12, 1191,
2, 12, 1192,
2, 12, 1193,
2, 12, 1194,
2, 12, 1195,
2, 12, 1196,
2, 12, 1197,
2, 12, 1198,
2, 12, 1199,
2, 12, 1200,
2, 12, 1201,
2, 12, 1202,
2, 12, 1203,
2, 12, 1204,
2, 12, 1205,
2, 12, 1206,
2, 12, 1207,
2, 12, 1208,
2, 12, 1209,
2, 12, 1210,
2, 12, 1211,
2, 12, 1212,
2, 12, 1213,
2, 12, 1214,
2, 12, 1215,
2, 12, 1216,
2, 12, 1217,
2, 12, 1218,
2, 12, 1219,
2, 12, 1220,
2, 12, 1221,
2, 12, 1222,
2, 12, 1223,
2, 12, 1224,
2, 12, 1225,
2, 12, 1226,
2, 12, 1227,
2, 12, 1228,
2, 12, 1229,
2, 12, 1230,
2, 12, 1231,
2, 12, 1232,
2, 12, 1233,
2, 12, 1234,
2, 12, 1235,
2, 12, 1236,
2, 12, 1237,
2, 12, 1238,
2, 12, 1239,
2, 12, 1240,
2, 12, 1241,
2, 12, 1242,
2, 12, 1243,
2, 12, 1244,
2, 12, 1245,
2, 12, 1246,
2, 12, 1247,
2, 12, 1248,
2, 12, 1249,
2, 12, 1250,
2, 12, 1251,
2, 12, 1252,
2, 12, 1253,
2, 12, 1254,
2, 12, 1255,
2, 12, 1256,
2, 12, 1257,
2, 12, 1258,
2, 12, 1259,
2, 12, 1260,
2, 12, 1261,
2, 12, 1262,
2, 12, 1263,
2, 12, 1264,
2, 12, 1265,
2, 12, 1266,
2, 12, 1267,
2, 12, 1268,
2, 12, 1269,
2, 12, 1270,
2, 12, 1271,
2, 12, 1272,
2, 12, 1273,
2, 12, 1274,
2, 12, 1275,
2, 12, 1276,
2, 12, 1277,
2, 12, 1278,
2, 12, 1279,
2, 12, 1280,
2, 12, 1281,
2, 12, 1282,
2, 12, 1283,
2, 12, 1284,
2, 12, 1285,
2, 12, 1286,
2, 12, 1287,
2, 12, 1288,
2, 12, 1289,
2, 12, 1290,
2, 12, 1291,
2, 12, 1292,
2, 12, 1293,
2, 12, 1294,
2, 12, 1295,
2, 12, 1296,
2, 12, 1297,
2, 12, 1298,
2, 12, 1299,
2, 12, 1300,
2, 12, 1301,
2, 12, 1302,
2, 12, 1303,
2, 12, 1304,
2, 12, 1305,
2, 12, 1306,
2, 12, 1307,
2, 12, 1308,
2, 12, 1309,
2, 12, 1310,
2, 12, 1311,
2, 12, 1312,
2, 12, 1313,
2, 12, 1314,
2, 12, 1315,
2, 12, 1316,
2, 12, 1317,
2, 12, 1318,
2, 12, 1319,
2, 12, 1320,
2, 12, 1321,
2, 12, 1322,
2, 12, 1323,
2, 12, 1324,
2, 12, 1325,
2, 12, 1326,
2, 12, 1327,
2, 12, 1328,
2, 12, 1329,
2, 12, 1330,
2, 12, 1331,
2, 12, 1332,
2, 12, 1333,
2, 12, 1334,
2, 12, 1335,
2, 12, 1336,
2, 12, 1337,
2, 12, 1338,
2, 12, 1339,
2, 12, 1340,
2, 12, 1341,
2, 12, 1342,
2, 12, 1343,
2, 12, 1344,
2, 12, 1345,
2, 12, 1346,
2, 12, 1347,
2, 12, 1348,
2, 12, 1349,
2, 12, 1350,
2, 12, 1351,
2, 12, 1352,
2, 12, 1353,
2, 12, 1354,
2, 12, 1355,
2, 12, 1356,
2, 12, 1357,
2, 12, 1358,
2, 12, 1359,
2, 12, 1360,
2, 12, 1361,
2, 12, 1362,
2, 12, 1363,
2, 12, 1364,
2, 12, 1365,
2, 12, 1366,
2, 12, 1367,
2, 12, 1368,
2, 12, 1369,
2, 12, 1370,
2, 12, 1371,
2, 12, 1372,
2, 12, 1373,
2, 12, 1374,
2, 12, 1375,
2, 12, 1376,
2, 12, 1377,
2, 12, 1378,
2, 12, 1379,
2, 12, 1380,
2, 12, 1381,
2, 12, 1382,
2, 12, 1383,
2, 12, 1384,
2, 12, 1385,
2, 12, 1386,
2, 12, 1387,
2, 12, 1388,
2, 12, 1389,
2, 12, 1390,
2, 12, 1391,
2, 12, 1392,
2, 12, 1393,
2, 12, 1394,
2, 12, 1395,
2, 12, 1396,
2, 12, 1397,
2, 12, 1398,
2, 12, 1399,
2, 12, 1400,
2, 12, 1401,
2, 12, 1402,
2, 12, 1403,
2, 12, 1404,
2, 12, 1405,
2, 12, 1406,
2, 12, 1407,
2, 12, 1408,
2, 12, 1409,
2, 12, 1410,
2, 12, 1411,
2, 12, 1412,
2, 12, 1413,
2, 12, 1414,
2, 12, 1415,
2, 12, 1416,
2, 12, 1417,
2, 12, 1418,
2, 12, 1419,
2, 12, 1420,
2, 12, 1421,
2, 12, 1422,
2, 12, 1423,
2, 12, 1424,
2, 12, 1425,
2, 12, 1426,
2, 12, 1427,
2, 12, 1428,
2, 12, 1429,
2, 12, 1430,
2, 12, 1431,
2, 12, 1432,
2, 12, 1433,
2, 12, 1434,
2, 12, 1435,
2, 12, 1436,
2, 12, 1437,
2, 12, 1438,
2, 12, 1439,
2, 12, 1440,
2, 12, 1441,
2, 12, 1442,
2, 12, 1443,
2, 12, 1444,
2, 12, 1445,
2, 12, 1446,
2, 12, 1447,
2, 12, 1448,
2, 12, 1449,
2, 12, 1450,
2, 12, 1451,
2, 12, 1452,
2, 12, 1453,
2, 12, 1454,
2, 12, 1455,
2, 12, 1456,
2, 12, 1457,
2, 12, 1458,
2, 12, 1459,
2, 12, 1460,
2, 12, 1461,
2, 12, 1462,
2, 12, 1463,
2, 12, 1464,
2, 12, 1465,
2, 12, 1466,
2, 12, 1467,
2, 12, 1468,
2, 12, 1469,
2, 12, 1470,
2, 12, 1471,
2, 12, 1472,
2, 12, 1473,
2, 12, 1474,
2, 12, 1475,
2, 12, 1476,
2, 12, 1477,
2, 12, 1478,
2, 12, 1479,
2, 12, 1480,
2, 12, 1481,
2, 12, 1482,
2, 12, 1483,
2, 12, 1484,
2, 12, 1485,
2, 12, 1486,
2, 12, 1487,
2, 12, 1488,
2, 12, 1489,
2, 12, 1490,
2, 12, 1491,
2, 12, 1492,
2, 12, 1493,
2, 12, 1494,
2, 12, 1495,
2, 12, 1496,
2, 12, 1497,
2, 12, 1498,
2, 12, 1499,
2, 12, 1500,
2, 12, 1501,
2, 12, 1502,
2, 12, 1503,
2, 12, 1504,
2, 12, 1505,
2, 12, 1506,
2, 12, 1507,
2, 12, 1508,
2, 12, 1509,
2, 12, 1510,
2, 12, 1511,
2, 12, 1512,
2, 12, 1513,
2, 12, 1514,
2, 12, 1515,
2, 12, 1516,
2, 12, 1517,
2, 12, 1518,
2, 12, 1519,
2, 12, 1520,
2, 12, 1521,
2, 12, 1522,
2, 12, 1523,
2, 12, 1524,
2, 12, 1525,
2, 12, 1526,
2, 12, 1527,
2, 12, 1528,
2, 12, 1529,
2, 12, 1530,
2, 12, 1531,
2, 12, 1532,
2, 12, 1533,
2, 12, 1534,
2, 12, 1535,
2, 12, 1536,
2, 12, 1537,
2, 12, 1538,
2, 12, 1539,
2, 12, 1540,
2, 12, 1541,
2, 12, 1542,
2, 12, 1543,
2, 12, 1544,
2, 12, 1545,
2, 12, 1546,
2, 12, 1547,
2, 12, 1548,
2, 12, 1549,
2, 12, 1550,
2, 12, 1551,
2, 12, 1552,
2, 12, 1553,
2, 12, 1554,
2, 12, 1555,
2, 12, 1556,
2, 12, 1557,
2, 12, 1558,
2, 12, 1559,
2, 12, 1560,
2, 12, 1561,
2, 12, 1562,
2, 12, 1563,
2, 12, 1564,
2, 12, 1565,
2, 12, 1566,
2, 12, 1567,
2, 12, 1568,
2, 12, 1569,
2, 12, 1570,
2, 12, 1571,
2, 12, 1572,
2, 12, 1573,
2, 12, 1574,
2, 12, 1575,
2, 12, 1576,
2, 12, 1577,
2, 12, 1578,
2, 12, 1579,
2, 12, 1580,
2, 12, 1581,
2, 12, 1582,
2, 12, 1583,
2, 12, 1584,
2, 12, 1585,
2, 12, 1586,
2, 12, 1587,
2, 12, 1588,
2, 12, 1589,
2, 12, 1590,
2, 12, 1591,
2, 12, 1592,
2, 12, 1593,
2, 12, 1594,
2, 12, 1595,
2, 12, 1596,
2, 12, 1597,
2, 12, 1598,
2, 12, 1599,
2, 12, 1600,
2, 12, 1601,
2, 12, 1602,
2, 12, 1603,
2, 12, 1604,
2, 12, 1605,
2, 12, 1606,
2, 12, 1607,
2, 12, 1608,
2, 12, 1609,
2, 12, 1610,
2, 12, 1611,
2, 12, 1612,
2, 12, 1613,
2, 12, 1614,
2, 12, 1615,
2, 12, 1616,
2, 12, 1617,
2, 12, 1618,
2, 12, 1619,
2, 12, 1620,
2, 12, 1621,
2, 12, 1622,
2, 12, 1623,
2, 12, 1624,
2, 12, 1625,
2, 12, 1626,
2, 12, 1627,
2, 12, 1628,
2, 12, 1629,
2, 12, 1630,
2, 12, 1631,
2, 12, 1632,
2, 12, 1633,
2, 12, 1634,
2, 12, 1635,
2, 12, 1636,
2, 12, 1637,
2, 12, 1638,
2, 12, 1639,
2, 12, 1640,
2, 12, 1641,
2, 12, 1642,
2, 12, 1643,
2, 12, 1644,
2, 12, 1645,
2, 12, 1646,
2, 12, 1647,
2, 12, 1648,
2, 12, 1649,
2, 12, 1650,
2, 12, 1651,
2, 12, 1652,
2, 12, 1653,
2, 12, 1654,
2, 12, 1655,
2, 12, 1656,
2, 12, 1657,
2, 12, 1658,
2, 12, 1659,
2, 12, 1660,
2, 12, 1661,
2, 12, 1662,
2, 12, 1663,
2, 12, 1664,
2, 12, 1665,
2, 12, 1666,
2, 12, 1667,
2, 12, 1668,
2, 12, 1669,
2, 12, 1670,
2, 12, 1671,
2, 12, 1672,
2, 12, 1673,
2, 12, 1674,
2, 12, 1675,
2, 12, 1676,
2, 12, 1677,
2, 12, 1678,
2, 12, 1679,
2, 12, 1680,
2, 12, 1681,
2, 12, 1682,
2, 12, 1683,
2, 12, 1684,
2, 12, 1685,
2, 12, 1686,
2, 12, 1687,
2, 12, 1688,
2, 12, 1689,
2, 12, 1690,
2, 12, 1691,
2, 12, 1692,
2, 12, 1693,
2, 12, 1694,
2, 12, 1695,
2, 12, 1696,
2, 12, 1697,
2, 12, 1698,
2, 12, 1699,
2, 12, 1700,
2, 12, 1701,
2, 12, 1702,
2, 12, 1703,
2, 12, 1704,
2, 12, 1705,
2, 12, 1706,
2, 12, 1707,
2, 12, 1708,
2, 12, 1709,
2, 12, 1710,
2, 12, 1711,
2, 12, 1712,
2, 12, 1713,
2, 12, 1714,
2, 12, 1715,
2, 12, 1716,
2, 12, 1717,
2, 12, 1718,
2, 12, 1719,
2, 12, 1720,
2, 12, 1721,
2, 12, 1722,
2, 12, 1723,
2, 12, 1724,
2, 12, 1725,
2, 12, 1726,
2, 12, 1727,
2, 12, 1728,
2, 12, 1729,
2, 12, 1730,
2, 12, 1731,
2, 12, 1732,
2, 12, 1733,
2, 12, 1734,
2, 12, 1735,
2, 12, 1736,
2, 12, 1737,
2, 12, 1738,
2, 12, 1739,
2, 12, 1740,
2, 12, 1741,
2, 12, 1742,
2, 12, 1743,
2, 12, 1744,
2, 12, 1745,
2, 12, 1746,
2, 12, 1747,
2, 12, 1748,
2, 12, 1749,
2, 12, 1750,
2, 12, 1751,
2, 12, 1752,
2, 12, 1753,
2, 12, 1754,
2, 12, 1755,
2, 12, 1756,
2, 12, 1757,
2, 12, 1758,
2, 12, 1759,
2, 12, 1760,
2, 12, 1761,
2, 12, 1762,
2, 12, 1763,
2, 12, 1764,
2, 12, 1765,
2, 12, 1766,
2, 12, 1767,
2, 12, 1768,
2, 12, 1769,
2, 12, 1770,
2, 12, 1771,
2, 12, 1772,
2, 12, 1773,
2, 12, 1774,
2, 12, 1775,
2, 12, 1776,
2, 12, 1777,
2, 12, 1778,
2, 12, 1779,
2, 12, 1780,
2, 12, 1781,
2, 12, 1782,
2, 12, 1783,
2, 12, 1784,
2, 12, 1785,
2, 12, 1786,
2, 12, 1787,
2, 12, 1788,
2, 12, 1789,
2, 12, 1790,
2, 12, 1791,
2, 12, 1792,
2, 12, 1793,
2, 12, 1794,
2, 12, 1795,
2, 12, 1796,
2, 12, 1797,
2, 12, 1798,
2, 12, 1799,
2, 12, 1800,
2, 12, 1801,
2, 12, 1802,
2, 12, 1803,
2, 12, 1804,
2, 12, 1805,
2, 12, 1806,
2, 12, 1807,
2, 12, 1808,
2, 12, 1809,
2, 12, 1810,
2, 12, 1811,
2, 12, 1812,
2, 12, 1813,
2, 12, 1814,
2, 12, 1815,
2, 12, 1816,
2, 12, 1817,
2, 12, 1818,
2, 12, 1819,
2, 12, 1820,
2, 12, 1821,
2, 12, 1822,
2, 12, 1823,
2, 12, 1824,
2, 12, 1825,
2, 12, 1826,
2, 12, 1827,
2, 12, 1828,
2, 12, 1829,
2, 12, 1830,
2, 12, 1831,
2, 12, 1832,
2, 12, 1833,
2, 12, 1834,
2, 12, 1835,
2, 12, 1836,
2, 12, 1837,
2, 12, 1838,
2, 12, 1839,
2, 12, 1840,
2, 12, 1841,
2, 12, 1842,
2, 12, 1843,
2, 12, 1844,
2, 12, 1845,
2, 12, 1846,
2, 12, 1847,
2, 12, 1848,
2, 12, 1849,
2, 12, 1850,
2, 12, 1851,
2, 12, 1852,
2, 12, 1853,
2, 12, 1854,
2, 12, 1855,
2, 12, 1856,
2, 12, 1857,
2, 12, 1858,
2, 12, 1859,
2, 12, 1860,
2, 12, 1861,
2, 12, 1862,
2, 12, 1863,
2, 12, 1864,
2, 12, 1865,
2, 12, 1866,
2, 12, 1867,
2, 12, 1868,
2, 12, 1869,
2, 12, 1870,
2, 12, 1871,
2, 12, 1872,
2, 12, 1873,
2, 12, 1874,
2, 12, 1875,
2, 12, 1876,
2, 12, 1877,
2, 12, 1878,
2, 12, 1879,
2, 12, 1880,
2, 12, 1881,
2, 12, 1882,
2, 12, 1883,
2, 12, 1884,
2, 12, 1885,
2, 12, 1886,
2, 12, 1887,
2, 12, 1888,
2, 12, 1889,
2, 12, 1890,
2, 12, 1891,
2, 12, 1892,
2, 12, 1893,
2, 12, 1894,
2, 12, 1895,
2, 12, 1896,
2, 12, 1897,
2, 12, 1898,
2, 12, 1899,
2, 12, 1900,
2, 12, 1901,
2, 12, 1902,
2, 12, 1903,
2, 12, 1904,
2, 12, 1905,
2, 12, 1906,
2, 12, 1907,
2, 12, 1908,
2, 12, 1909,
2, 12, 1910,
2, 12, 1911,
2, 12, 1912,
2, 12, 1913,
2, 12, 1914,
2, 12, 1915,
2, 12, 1916,
2, 12, 1917,
2, 12, 1918,
2, 12, 1919,
2, 12, 1920,
2, 12, 1921,
2, 12, 1922,
2, 12, 1923,
2, 12, 1924,
2, 12, 1925,
2, 12, 1926,
2, 12, 1927,
2, 12, 1928,
2, 12, 1929,
2, 12, 1930,
2, 12, 1931,
2, 12, 1932,
2, 12, 1933,
2, 12, 1934,
2, 12, 1935,
2, 12, 1936,
2, 12, 1937,
2, 12, 1938,
2, 12, 1939,
2, 12, 1940,
2, 12, 1941,
2, 12, 1942,
2, 12, 1943,
2, 12, 1944,
2, 12, 1945,
2, 12, 1946,
2, 12, 1947,
2, 12, 1948,
2, 12, 1949,
2, 12, 1950,
2, 12, 1951,
2, 12, 1952,
2, 12, 1953,
2, 12, 1954,
2, 12, 1955,
2, 12, 1956,
2, 12, 1957,
2, 12, 1958,
2, 12, 1959,
2, 12, 1960,
2, 12, 1961,
2, 12, 1962,
2, 12, 1963,
2, 12, 1964,
2, 12, 1965,
2, 12, 1966,
2, 12, 1967,
2, 12, 1968,
2, 12, 1969,
2, 12, 1970,
2, 12, 1971,
2, 12, 1972,
2, 12, 1973,
2, 12, 1974,
2, 12, 1975,
2, 12, 1976,
2, 12, 1977,
2, 12, 1978,
2, 12, 1979,
2, 12, 1980,
2, 12, 1981,
2, 12, 1982,
2, 12, 1983,
2, 12, 1984,
2, 12, 1985,
2, 12, 1986,
2, 12, 1987,
2, 12, 1988,
2, 12, 1989,
2, 12, 1990,
2, 12, 1991,
2, 12, 1992,
2, 12, 1993,
2, 12, 1994,
2, 12, 1995,
2, 12, 1996,
2, 12, 1997,
2, 12, 1998,
2, 12, 1999,
2, 12, 2000,
2, 12, 2001,
2, 12, 2002,
2, 12, 2003,
2, 12, 2004,
2, 12, 2005,
2, 12, 2006,
2, 12, 2007,
2, 12, 2008,
2, 12, 2009,
2, 12, 2010,
2, 12, 2011,
2, 12, 2012,
2, 12, 2013,
2, 12, 2014,
2, 12, 2015,
2, 12, 2016,
2, 12, 2017,
2, 12, 2018,
2, 12, 2019,
2, 12, 2020,
2, 12, 2021,
2, 12, 2022,
2, 12, 2023,
2, 12, 2024,
2, 12, 2025,
2, 12, 2026,
2, 12, 2027,
2, 12, 2028,
2, 12, 2029,
2, 12, 2030,
2, 12, 2031,
2, 12, 2032,
2, 12, 2033,
2, 12, 2034,
2, 12, 2035,
2, 12, 2036,
2, 12, 2037,
2, 12, 2038,
2, 12, 2039,
2, 12, 2040,
2, 12, 2041,
2, 12, 2042,
2, 12, 2043,
2, 12, 2044,
2, 12, 2045,
2, 12, 2046,
2, 12, 2047,
2, 12, 2048,
2, 12, 2049,
2, 12, 2050,
2, 12, 2051,
2, 12, 2052,
2, 12, 2053,
2, 12, 2054,
2, 12, 2055,
2, 12, 2056,
2, 12, 2057,
2, 12, 2058,
2, 12, 2059,
2, 12, 2060,
2, 12, 2061,
2, 12, 2062,
2, 12, 2063,
2, 12, 2064,
2, 12, 2065,
2, 12, 2066,
2, 12, 2067,
2, 12, 2068,
2, 12, 2069,
2, 12, 2070,
2, 12, 2071,
2, 12, 2072,
2, 12, 2073,
2, 12, 2074,
2, 12, 2075,
2, 12, 2076,
2, 12, 2077,
2, 12, 2078,
2, 12, 2079,
2, 12, 2080,
2, 12, 2081,
2, 12, 2082,
2, 12, 2083,
2, 12, 2084,
2, 12, 2085,
2, 12, 2086,
2, 12, 2087,
2, 12, 2088,
2, 12, 2089,
2, 12, 2090,
2, 12, 2091,
2, 12, 2092,
2, 12, 2093,
2, 12, 2094,
2, 12, 2095,
2, 12, 2096,
2, 12, 2097,
2, 12, 2098,
2, 12, 2099,
2, 12, 2100,
2, 12, 2101,
2, 12, 2102,
2, 12, 2103,
2, 12, 2104,
2, 12, 2105,
2, 12, 2106,
2, 12, 2107,
2, 12, 2108,
2, 12, 2109,
2, 12, 2110,
2, 12, 2111,
2, 12, 2112,
2, 12, 2113,
2, 12, 2114,
2, 12, 2115,
2, 12, 2116,
2, 12, 2117,
2, 12, 2118,
2, 12, 2119,
2, 12, 2120,
2, 12, 2121,
2, 12, 2122,
2, 12, 2123,
2, 12, 2124,
2, 12, 2125,
2, 12, 2126,
2, 12, 2127,
2, 12, 2128,
2, 12, 2129,
2, 12, 2130,
2, 12, 2131,
2, 12, 2132,
2, 12, 2133,
2, 12, 2134,
2, 12, 2135,
2, 12, 2136,
2, 12, 2137,
2, 12, 2138,
2, 12, 2139,
2, 12, 2140,
2, 12, 2141,
2, 12, 2142,
2, 12, 2143,
2, 12, 2144,
2, 12, 2145,
2, 12, 2146,
2, 12, 2147,
2, 12, 2148,
2, 12, 2149,
2, 12, 2150,
2, 12, 2151,
2, 12, 2152,
2, 12, 2153,
2, 12, 2154,
2, 12, 2155,
2, 12, 2156,
2, 12, 2157,
2, 12, 2158,
2, 12, 2159,
2, 12, 2160,
2, 12, 2161,
2, 12, 2162,
2, 12, 2163,
2, 12, 2164,
2, 12, 2165,
2, 12, 2166,
2, 12, 2167,
2, 12, 2168,
2, 12, 2169,
2, 12, 2170,
2, 12, 2171,
2, 12, 2172,
2, 12, 2173,
2, 12, 2174,
2, 12, 2175,
2, 12, 2176,
2, 12, 2177,
2, 12, 2178,
2, 12, 2179,
2, 12, 2180,
2, 12, 2181,
2, 12, 2182,
2, 12, 2183,
2, 12, 2184,
2, 12, 2185,
2, 12, 2186,
2, 12, 2187,
2, 12, 2188,
2, 12, 2189,
2, 12, 2190,
2, 12, 2191,
2, 12, 2192,
2, 12, 2193,
2, 12, 2194,
2, 12, 2195,
2, 12, 2196,
2, 12, 2197,
2, 12, 2198,
2, 12, 2199,
2, 12, 2200,
2, 12, 2201,
2, 12, 2202,
2, 12, 2203,
2, 12, 2204,
2, 12, 2205,
2, 12, 2206,
2, 12, 2207,
2, 12, 2208,
2, 12, 2209,
2, 12, 2210,
2, 12, 2211,
2, 12, 2212,
2, 12, 2213,
2, 12, 2214,
2, 12, 2215,
2, 12, 2216,
2, 12, 2217,
2, 12, 2218,
2, 12, 2219,
2, 12, 2220,
2, 12, 2221,
2, 12, 2222,
2, 12, 2223,
2, 12, 2224,
2, 12, 2225,
2, 12, 2226,
2, 12, 2227,
2, 12, 2228,
2, 12, 2229,
2, 12, 2230,
2, 12, 2231,
2, 12, 2232,
2, 12, 2233,
2, 12, 2234,
2, 12, 2235,
2, 12, 2236,
2, 12, 2237,
2, 12, 2238,
2, 12, 2239,
2, 12, 2240,
2, 12, 2241,
2, 12, 2242,
2, 12, 2243,
2, 12, 2244,
2, 12, 2245,
2, 12, 2246,
2, 12, 2247,
2, 12, 2248,
2, 12, 2249,
2, 12, 2250,
2, 12, 2251,
2, 12, 2252,
2, 12, 2253,
2, 12, 2254,
2, 12, 2255,
2, 12, 2256,
2, 12, 2257,
2, 12, 2258,
2, 12, 2259,
2, 12, 2260,
2, 12, 2261,
2, 12, 2262,
2, 12, 2263,
2, 12, 2264,
2, 12, 2265,
2, 12, 2266,
2, 12, 2267,
2, 12, 2268,
2, 12, 2269,
2, 12, 2270,
2, 12, 2271,
2, 12, 2272,
2, 12, 2273,
2, 12, 2274,
2, 12, 2275,
2, 12, 2276,
2, 12, 2277,
2, 12, 2278,
2, 12, 2279,
2, 12, 2280,
2, 12, 2281,
2, 12, 2282,
2, 12, 2283,
2, 12, 2284,
2, 12, 2285,
2, 12, 2286,
2, 12, 2287,
2, 12, 2288,
2, 12, 2289,
2, 12, 2290,
2, 12, 2291,
2, 12, 2292,
2, 12, 2293,
2, 12, 2294,
2, 12, 2295,
2, 12, 2296,
2, 12, 2297,
2, 12, 2298,
2, 12, 2299,
2, 12, 2300,
2, 12, 2301,
2, 12, 2302,
2, 12, 2303,
2, 12, 2304,
2, 12, 2305,
2, 12, 2306,
2, 12, 2307,
2, 12, 2308,
2, 12, 2309,
2, 12, 2310,
2, 12, 2311,
2, 12, 2312,
2, 12, 2313,
2, 12, 2314,
2, 12, 2315,
2, 12, 2316,
2, 12, 2317,
2, 12, 2318,
2, 12, 2319,
2, 12, 2320,
2, 12, 2321,
2, 12, 2322,
2, 12, 2323,
2, 12, 2324,
2, 12, 2325,
2, 12, 2326,
2, 12, 2327,
2, 12, 2328,
2, 12, 2329,
2, 12, 2330,
2, 12, 2331,
2, 12, 2332,
2, 12, 2333,
2, 12, 2334,
2, 12, 2335,
2, 12, 2336,
2, 12, 2337,
2, 12, 2338,
2, 12, 2339,
2, 12, 2340,
2, 12, 2341,
2, 12, 2342,
2, 12, 2343,
2, 12, 2344,
2, 12, 2345,
2, 12, 2346,
2, 12, 2347,
2, 12, 2348,
2, 12, 2349,
2, 12, 2350,
2, 12, 2351,
2, 12, 2352,
2, 12, 2353,
2, 12, 2354,
2, 12, 2355,
2, 12, 2356,
2, 12, 2357,
2, 12, 2358,
2, 12, 2359,
2, 12, 2360,
2, 12, 2361,
2, 12, 2362,
2, 12, 2363,
2, 12, 2364,
2, 12, 2365,
2, 12, 2366,
2, 12, 2367,
2, 12, 2368,
2, 12, 2369,
2, 12, 2370,
2, 12, 2371,
2, 12, 2372,
2, 12, 2373,
2, 12, 2374,
2, 12, 2375,
2, 12, 2376,
2, 12, 2377,
2, 12, 2378,
2, 12, 2379,
2, 12, 2380,
2, 12, 2381,
2, 12, 2382,
2, 12, 2383,
2, 12, 2384,
2, 12, 2385,
2, 12, 2386,
2, 12, 2387,
2, 12, 2388,
2, 12, 2389,
2, 12, 2390,
2, 12, 2391,
2, 12, 2392,
2, 12, 2393,
2, 12, 2394,
2, 12, 2395,
2, 12, 2396,
2, 12, 2397,
2, 12, 2398,
2, 12, 2399,
2, 12, 2400,
